pr_number,head_sha,base_sha,base_branch,draft,unresolved_threads,current_head_approvals,auto_merge_enabled,failing_contexts,pending_contexts,context_page_incomplete
1162,39db0ce75c7bb5722a46ba2f4959ed505e001aeb,a67c5b0e725f40ac52cc6dcb1f2e5e4cb9d64644,main,False,0,0,False,4,0,False
1161,cdfc9e0b16ae002e99282fc914c6dcb4c99d68b6,8be55f0306015a1a8deda02fa9131e165254d239,main,False,0,0,False,4,0,False
1159,d2376dcc7c02a2d2f52f263f49a4ecf8e734f799,8be55f0306015a1a8deda02fa9131e165254d239,main,False,0,0,False,4,0,False
1158,f92dddb460fd73a20eafa7c26de8f49085821d9a,a67c5b0e725f40ac52cc6dcb1f2e5e4cb9d64644,main,False,0,0,False,4,0,False
1157,2905bae54adb290c104c23210e3c1e098e401e31,a67c5b0e725f40ac52cc6dcb1f2e5e4cb9d64644,main,False,0,0,False,4,0,False
1156,de83d47cdb3b6e0593ab74ed84f4af2c1d4e7b41,259be21c4d3e551906c321ad7c911e0fa9695745,main,False,0,0,False,2,0,False
1155,1a83f31daa881e58ddde181768d35acb77aaa613,259be21c4d3e551906c321ad7c911e0fa9695745,main,False,0,0,False,4,0,False
1153,727a0366d250770e532189702a6c701886a9f712,8be55f0306015a1a8deda02fa9131e165254d239,main,False,0,0,False,4,0,False
1151,ab0c639fd50cb13f764416d99038140af3b86c73,70f8f17b4228d571f57b357f1d884341d0131363,main,False,0,0,False,4,0,False
1144,18a8ee76d3edcbd79c92a5e845f51d1ce996f840,4344d4dcb80fa08971c33f2f7df912d389dc7c61,fix/pyjwt-2.14-security-floor-20261001,True,0,0,False,0,0,False
1141,cf6a83efec9d1ccb8ef01eeaac2d0c38e20c32e6,70f8f17b4228d571f57b357f1d884341d0131363,main,False,0,0,False,4,0,False
1138,94f17ae5d0e3e69057cca605591e4d2941c3248f,db96ff11c977a92180b5480884bc361a4be5cf75,fix/pyjwt-2.14-security-floor-20261001,True,0,0,False,0,0,False
1137,4344d4dcb80fa08971c33f2f7df912d389dc7c61,83eba56149eb802cd63642c507c324c9976ec78e,main,False,0,0,False,7,0,False
1136,55f6992637c53cfb51a74f55987a40b359152bd5,83eba56149eb802cd63642c507c324c9976ec78e,main,False,0,0,False,7,0,False
1135,73ba540789d2f2210a17e7eb5396270dafa66589,83eba56149eb802cd63642c507c324c9976ec78e,main,False,0,0,False,9,0,False
1133,1420a733eb30cea5198dffc2ae08734c9cfe521e,83eba56149eb802cd63642c507c324c9976ec78e,main,False,0,0,False,6,0,False
1132,8bb057866abb7706a54f2801aafd6d6b56e8e243,8c3063e9f1aa9d3321da8d8ab4cc0e48c9c101cd,codex/gap-authority-20260927,True,0,0,False,0,0,False
1131,ee3d8890ce3b7829f668e05732ef55d24e2e688e,83eba56149eb802cd63642c507c324c9976ec78e,main,False,0,0,False,0,0,False
1130,45487181f0750fc3b1da8dfa8670debb8faca055,70f8f17b4228d571f57b357f1d884341d0131363,main,False,0,0,False,4,0,False
1128,91143146623948dbd26bbfc1c69de3cd77d2ae06,83eba56149eb802cd63642c507c324c9976ec78e,main,False,0,0,False,3,0,False
1127,6e5ba4773e5f21bafd7437986ec4b43bf5907639,f076fa46976b2f68942a6e066cdbcf8895ba16f4,feat/i18n-versioned-translation-ledger,True,0,0,False,0,0,False
1125,f08c225a16915a3234914bda70ef0e4adb8e1f5f,83eba56149eb802cd63642c507c324c9976ec78e,main,True,0,0,False,1,0,False
1124,c49aff397736db601fd1d2cb428c8006d0090d26,73ab7ea24517bfcb1edfc83676f9fb56ea524bc0,fix/eliminate-public-client-ropc-20260918,True,0,0,False,0,0,False
1123,2394a148c92ace63c69de1cae5484324ede7e5fd,83eba56149eb802cd63642c507c324c9976ec78e,main,True,0,0,False,2,0,False
1121,8f5c2659d2471aee9ab6b9c35c2bed5651f7d97c,83eba56149eb802cd63642c507c324c9976ec78e,main,True,0,0,False,3,0,False
1120,73ab7ea24517bfcb1edfc83676f9fb56ea524bc0,0dd0fd9a74165a63a081d1435123a79be6feefca,fix/oidc-smoke-declared-jwt-dependency,True,0,0,False,0,0,False
1118,0dd0fd9a74165a63a081d1435123a79be6feefca,c10b6545520afb342e68d01ea4bcfce75a6e5bab,fix/contextual-orchestrator-owner-boundary,True,0,0,False,0,0,False
1117,72341358f7edf01360a5da69b01fe87684b8076b,73ab7ea24517bfcb1edfc83676f9fb56ea524bc0,fix/eliminate-public-client-ropc-20260918,True,0,0,False,0,0,False
1115,6545b5ff7ed88d98daad74ca3ba8f8606dad3fc4,83eba56149eb802cd63642c507c324c9976ec78e,main,True,0,0,False,2,0,False
1079,c2923950e73c88a9f9fd932332ddd47682da124b,83eba56149eb802cd63642c507c324c9976ec78e,main,True,0,0,False,4,0,False
1055,50c4935eef1029467595f7004818643598b737c9,83eba56149eb802cd63642c507c324c9976ec78e,main,True,0,0,False,5,0,False
1054,4519c101f13e08c10653b95ff88d66b4ce47f0b8,83eba56149eb802cd63642c507c324c9976ec78e,main,True,0,0,False,0,0,False
1049,b1219365319712faaa4d3767243c8daf0e5b5ce0,83eba56149eb802cd63642c507c324c9976ec78e,main,True,0,0,False,6,0,False
1047,41c7a86f78dddf0bcd9e9f0eb070bf90732f68e3,83eba56149eb802cd63642c507c324c9976ec78e,main,True,0,0,False,6,0,False
1046,f80c0ec5f35fd4fc0a867125bc46dfd2d2dee9a9,83eba56149eb802cd63642c507c324c9976ec78e,main,True,0,0,False,7,0,False
1042,0658ea422646369df4968e1d6b86a84584d0381f,83eba56149eb802cd63642c507c324c9976ec78e,main,True,0,0,False,1,0,False
1039,68b4dcd09b3c638ef3d79378a0300082aa4cb82d,83eba56149eb802cd63642c507c324c9976ec78e,main,True,0,0,False,5,0,False
1035,23d2fa07c8edb5bd84d15c742c3698588e7ba97c,83eba56149eb802cd63642c507c324c9976ec78e,main,True,0,0,False,5,0,False
1034,0c1a97266f74b6963a765b7b78830146687861e9,459b8af62763b6900cb0cb163fe3a64ea81fdaa5,repair/leftover-map-compare-plot-criterion-coordinates-v2930,True,1,0,False,1,0,False
1033,459b8af62763b6900cb0cb163fe3a64ea81fdaa5,473d5f20d69584db3eaa7e129f7a8650ecd472bb,feat/leftover-map-plot-criterion-coordinates-v2920,True,0,0,False,1,0,False
1013,9e180e2da4dd9e40649abceb824e9ead53b36243,83eba56149eb802cd63642c507c324c9976ec78e,main,True,0,0,False,5,0,False
1009,4fff982a96b0ad6e791aa8c463925388d036f08f,83eba56149eb802cd63642c507c324c9976ec78e,main,True,0,0,False,4,0,False
998,bc9e127e9056c2924b8e410c63065e8b7ad66b5d,83eba56149eb802cd63642c507c324c9976ec78e,main,True,0,0,False,5,0,False
997,b981b582132bbf4369c7e4acf7b6b19a45e03a0e,83eba56149eb802cd63642c507c324c9976ec78e,main,True,0,0,False,5,0,False
996,74c429359c924d2493a4e7c999b43712e4e1ad5c,83eba56149eb802cd63642c507c324c9976ec78e,main,True,1,0,False,4,0,False
995,dbe5ac54228162e3ad5a9c92460006fb5e49e935,83eba56149eb802cd63642c507c324c9976ec78e,main,True,0,0,False,3,0,False
992,e3a193c4512a057873271b101c341ffe1f80982a,324414e3d2f9143e2a4ec63c31bf5eb64d95c5c6,codex/gap-baseline-20260908,True,0,0,False,0,0,False
985,5876394adb9fefa68042c8cb844a633e046d2e8a,ca593487a4308daa3a0679d4fa9604bf7fc7c0c3,codex/e2e-auth-redirect-main-20260908,True,0,0,False,0,0,False
984,324414e3d2f9143e2a4ec63c31bf5eb64d95c5c6,ca593487a4308daa3a0679d4fa9604bf7fc7c0c3,codex/e2e-auth-redirect-main-20260908,True,0,0,False,0,0,False
983,ca593487a4308daa3a0679d4fa9604bf7fc7c0c3,83eba56149eb802cd63642c507c324c9976ec78e,main,True,0,0,False,5,0,False
980,4c93e91ebe3fe7302545f861d7c0fba003e077f8,07301271f813b8bb0e40f57aa22373baf5efbf01,feat/leftover-map-compare-unexplained-share-v2520,True,0,0,False,0,0,False
979,2dfd21110813f474d3068796d0733d96f28d6061,4341080f6027d869acb08896e41d761c3f3b8e77,codex/ask-timeout-attribution-20260907,True,0,0,False,0,0,False
977,9dbb28706a3418ef0f9500873e9e7d7417961ef3,bebd77c03e5beae469f42361c20bccc80787ebb5,feat/leftover-map-compare-axis-singular-v2510,True,0,0,False,0,0,False
974,4341080f6027d869acb08896e41d761c3f3b8e77,83eba56149eb802cd63642c507c324c9976ec78e,main,True,0,0,False,6,0,False
973,182d3c9d4c5f2a8ab2d63e77b8a9ced663a183f6,83eba56149eb802cd63642c507c324c9976ec78e,main,True,0,0,False,7,0,False
972,ce6f91b96490ff6869b4f6fbe8a0181d87e7ee21,83eba56149eb802cd63642c507c324c9976ec78e,main,True,0,0,False,1,0,False
971,b6046c9c23f647abfd7b2436419c5b5b0db91bc5,1d8fa267b059289e77301a09985dfac70a439814,fix/voice-export-authority-20260828,True,0,0,False,0,0,False
970,50807d1e7484fd0aa65bdbf6af015bbe8d739d80,83eba56149eb802cd63642c507c324c9976ec78e,main,True,0,0,False,6,0,False
969,583157c5d007d4903a78b2e30c0caac224f6460e,83eba56149eb802cd63642c507c324c9976ec78e,main,True,0,0,False,6,0,False
968,25abd361581fd5be450bc64cc44a441608486c3e,1d8fa267b059289e77301a09985dfac70a439814,fix/voice-export-authority-20260828,True,0,0,False,0,0,False
966,f8eff8b0edcbe977136ddf2b9c2d15e57312496f,c10b6545520afb342e68d01ea4bcfce75a6e5bab,fix/contextual-orchestrator-owner-boundary,True,0,0,False,0,0,False
964,1cced397600b15258b36e221a33beb62c4cca4cd,83eba56149eb802cd63642c507c324c9976ec78e,main,True,0,0,False,6,0,False
961,3bdec0504a65e63f44bd49ba15de37182a1672cc,83eba56149eb802cd63642c507c324c9976ec78e,main,True,0,0,False,5,0,False
960,ff72846f86f82f4b470578d69a9395e65fb31152,83eba56149eb802cd63642c507c324c9976ec78e,main,True,0,0,False,3,0,False
959,96ce3de6190f1f66f140663f034427fd4d78d3a4,83eba56149eb802cd63642c507c324c9976ec78e,main,True,0,0,False,6,0,False
937,1d81617b26d1edc5cedd1285770098e6d93a786c,1d8fa267b059289e77301a09985dfac70a439814,fix/voice-export-authority-20260828,True,0,0,False,0,0,False
936,e6c1d157dad9f0d26ee703de455b2106a77b34d9,1d8fa267b059289e77301a09985dfac70a439814,fix/voice-export-authority-20260828,True,0,0,False,0,0,False
935,7c5f9c11c2b9a4bef4aa2e6d3c7926d92b7d15d3,3060dd7000791160c2bcc98351af129899ff32ff,codex/voice-gap-20260905,True,0,0,False,0,0,False
934,3060dd7000791160c2bcc98351af129899ff32ff,1d8fa267b059289e77301a09985dfac70a439814,fix/voice-export-authority-20260828,True,0,0,False,0,0,False
933,de4e6cf9a48b042af0bb1128fa9b194abd1952a5,00e90e03ae1afb7f13ae843dd578694d0f72b325,docs/public-surface-deepwiki,True,0,0,False,0,0,False
932,4cfe2fe57352590f85010df6f2555c4b0e4eca4a,f076fa46976b2f68942a6e066cdbcf8895ba16f4,feat/i18n-versioned-translation-ledger,True,1,0,False,0,0,False
929,f076fa46976b2f68942a6e066cdbcf8895ba16f4,83eba56149eb802cd63642c507c324c9976ec78e,main,True,2,0,False,4,0,False
928,322b58247e933592ceb6d6eab6cac258ee5335cd,34595e41ee65b89a468efeebf64fee86eff881d9,feat/leftover-map-axis-origin-badge-v21150,True,0,0,False,0,0,False
927,34595e41ee65b89a468efeebf64fee86eff881d9,ede308929b20f24a56c5ff3ae2211dd84d20f3ae,feat/leftover-map-compare-axis-origin-badge-v21140,True,0,0,False,0,0,False
926,ede308929b20f24a56c5ff3ae2211dd84d20f3ae,76ebcb10a72955a68c616c02e6e0732db0800f93,feat/leftover-map-compare-plot-origin-badge-v21130,True,0,0,False,0,0,False
925,8cbaad528c9aaa8d4e356db1577b932fa85ac686,83eba56149eb802cd63642c507c324c9976ec78e,main,True,0,0,False,0,0,False
921,76ebcb10a72955a68c616c02e6e0732db0800f93,d54c5611cc693bb7a85e9164814761417ccb563e,feat/leftover-map-plot-origin-badge-v21120,True,0,0,False,0,0,False
920,d54c5611cc693bb7a85e9164814761417ccb563e,a91d2ec56bad922f9159e17649f77d229a0f98d3,feat/leftover-map-compare-list-criterion-origin-badge-v21110,True,0,0,False,0,0,False
919,fb19bd83a3125d88da586e1af0e95706d691da32,c10b6545520afb342e68d01ea4bcfce75a6e5bab,fix/contextual-orchestrator-owner-boundary,True,0,0,False,0,0,False
918,a91d2ec56bad922f9159e17649f77d229a0f98d3,8192b48560a919c800ec47927adc966179a2b572,feat/leftover-map-compare-list-post-origin-badge-v21100,True,0,0,False,0,0,False
917,8192b48560a919c800ec47927adc966179a2b572,7978e92561e16a3ea4e2837fef1f35fe0bec3f3c,feat/leftover-map-list-criterion-origin-badge-v21090,True,2,0,False,0,0,False
916,7978e92561e16a3ea4e2837fef1f35fe0bec3f3c,371bb82cea8437f907249d6e8b166f63dfe5bb8e,feat/leftover-map-list-post-origin-badge-v21080,True,1,0,False,0,0,False
915,ba77b336ebc267ad21fb645fad438966657237c1,414026bc0ddb52f2f43f1e5f153b31b2b336939d,feat/dichotomous-measurement-policy,True,0,0,False,0,0,False
914,61ed3a3712d252e3c179a71d297c52f05e1bac20,83eba56149eb802cd63642c507c324c9976ec78e,main,True,0,0,False,5,0,False
913,371bb82cea8437f907249d6e8b166f63dfe5bb8e,2ac677bae522eb1925edc6bd105f1f57a287f73e,feat/leftover-map-compare-plot-criterion-origin-badge-v21070,True,1,0,False,0,0,False
912,2ac677bae522eb1925edc6bd105f1f57a287f73e,f2a1860185714d2921162a754425065d867bcce6,feat/leftover-map-compare-plot-post-origin-badge-v21060,True,2,0,False,0,0,False
911,2d91db2e76849dead722b343fb5d816886114b81,83eba56149eb802cd63642c507c324c9976ec78e,main,True,0,0,False,7,0,False
909,e82aed38c0997588529e21fe0e1bf4159f3c198c,83eba56149eb802cd63642c507c324c9976ec78e,main,True,0,0,False,0,0,False
908,00e90e03ae1afb7f13ae843dd578694d0f72b325,83eba56149eb802cd63642c507c324c9976ec78e,main,True,0,0,False,0,0,False
907,847a15e73e69bfc768d517a83fa8706aecfafe7e,83eba56149eb802cd63642c507c324c9976ec78e,main,True,0,0,False,5,0,False
904,09d7be51a6b599769fb78371c9995a99d7df6974,83eba56149eb802cd63642c507c324c9976ec78e,main,True,0,0,False,0,0,False
903,e325b3f63fdb9c34a7c62ae58045ec36e34b1879,83eba56149eb802cd63642c507c324c9976ec78e,main,True,0,0,False,0,0,False
902,414026bc0ddb52f2f43f1e5f153b31b2b336939d,c10b6545520afb342e68d01ea4bcfce75a6e5bab,fix/contextual-orchestrator-owner-boundary,True,0,0,False,0,0,False
901,81419075cf76f275f85dccf0c45ffac8922d2595,1d8fa267b059289e77301a09985dfac70a439814,fix/voice-export-authority-20260828,True,0,0,False,0,0,False
899,c10b6545520afb342e68d01ea4bcfce75a6e5bab,83eba56149eb802cd63642c507c324c9976ec78e,main,True,0,0,False,6,0,False
897,c4194085f7bc0c7383f994da81d6a8146b695dc8,83eba56149eb802cd63642c507c324c9976ec78e,main,True,0,0,False,0,0,False
893,f2a1860185714d2921162a754425065d867bcce6,c941929c7244f64e31e5ceca8b3c6f6bcb1e3541,feat/leftover-map-plot-post-origin-badge-v21050,True,0,0,False,0,0,False
892,c941929c7244f64e31e5ceca8b3c6f6bcb1e3541,47dd988d6b5cdea713b163b40702235b65af5ffe,feat/leftover-map-plot-criterion-origin-badge-v21040,True,0,0,False,0,0,False
891,47dd988d6b5cdea713b163b40702235b65af5ffe,4bfb490d3e2bd8dd74caabaf2922ac3f6755749a,feat/leftover-map-axis-tick-origin-badge-v21030,True,2,0,False,0,0,False
889,4bfb490d3e2bd8dd74caabaf2922ac3f6755749a,7637fc8bbe165be297794a74187aa1065e82486c,feat/leftover-map-compare-axis-tick-origin-badge-v21020,True,0,0,False,0,0,False
888,e5f38f3bda1caa1d48975204918c994a6a3dff3f,f40e4ed8020a7db4099730d558da942a0f331614,feat/dashboard-case-metrics,True,3,0,False,1,0,False
887,7637fc8bbe165be297794a74187aa1065e82486c,4a31a41f9036cad4ba35ed16b8fdf1c1212e4847,feat/leftover-map-compare-plot-tick-origin-badge-v21010,True,0,0,False,0,0,False
886,4a31a41f9036cad4ba35ed16b8fdf1c1212e4847,7a6c0384f4d82544541b6af70cf178c51ed60d62,feat/leftover-map-plot-tick-origin-badge-v21000,True,2,0,False,0,0,False
885,7a6c0384f4d82544541b6af70cf178c51ed60d62,bcbb7ce03f92304ccdc34fb014a8db8e3bf8a659,feat/leftover-map-compare-list-criterion-coordinates-v2990,True,0,0,False,0,0,False
884,bcbb7ce03f92304ccdc34fb014a8db8e3bf8a659,bdd48e23a16358b91a652e45c4373c6f45e389fa,feat/leftover-map-compare-list-post-coordinates-v2980,True,1,0,False,0,0,False
883,bdd48e23a16358b91a652e45c4373c6f45e389fa,094d1a0c8bcfd4b351f9665c47a84c510cbab94d,feat/leftover-map-list-criterion-coordinates-v2970,True,3,0,False,0,0,False
882,094d1a0c8bcfd4b351f9665c47a84c510cbab94d,167888d669ba1b44c7dd0209ab26c9be9f19bf93,feat/leftover-map-list-post-coordinates-v2960,True,4,0,False,0,0,False
881,167888d669ba1b44c7dd0209ab26c9be9f19bf93,c69459a3597a8a8af618417ce2c2a57a3114930b,feat/leftover-map-plot-post-coordinates-v2950,True,3,0,False,0,0,False
880,c69459a3597a8a8af618417ce2c2a57a3114930b,d9972c260b1864e0b6391cbf050686e0bdd73359,feat/leftover-map-compare-plot-post-coordinates-v2940,True,0,0,False,0,0,False
879,d9972c260b1864e0b6391cbf050686e0bdd73359,617b97126a14337a4848f2b5663ada381ae693c0,feat/leftover-map-compare-plot-criterion-coordinates-v2930,True,3,0,False,0,0,False
878,617b97126a14337a4848f2b5663ada381ae693c0,89ed56b17acec187fd8e5f756c6b9a6a8f00438c,feat/leftover-map-plot-criterion-coordinates-v2920,True,0,0,False,0,0,False
877,f294cc404a43ed011bba9b1291afad910838a669,66eab13b10d7e99f74503be3c77aef727c0a8df4,feat/leftover-map-axis-tick-share-badge-v2910,True,0,0,False,1,0,False
876,473d5f20d69584db3eaa7e129f7a8650ecd472bb,66eab13b10d7e99f74503be3c77aef727c0a8df4,feat/leftover-map-axis-tick-share-badge-v2910,True,0,0,False,2,0,False
875,66eab13b10d7e99f74503be3c77aef727c0a8df4,abb9d2c2ef1ba7bccdf1a470272096225b342491,feat/leftover-map-compare-axis-tick-share-badge-v2900,True,0,0,False,2,0,False
874,abb9d2c2ef1ba7bccdf1a470272096225b342491,4949dd54633fb128d3f243ea0cf2f8753bef0a98,feat/leftover-map-plot-tick-share-badge-v2890,True,0,0,False,2,0,False
873,4949dd54633fb128d3f243ea0cf2f8753bef0a98,69119bb0186a205e1c1c1f0aa1c74da52bf581e0,feat/leftover-map-compare-plot-tick-share-badge-v2880,True,0,0,False,2,0,False
872,69119bb0186a205e1c1c1f0aa1c74da52bf581e0,014e7418576354b49c8abb2e9c5e7fce54791ee8,feat/leftover-map-axis-tick-badge-v2870,True,0,0,False,2,0,False
871,014e7418576354b49c8abb2e9c5e7fce54791ee8,cc9f2d7b317442424b80ec9229d365d0841359aa,feat/leftover-map-compare-axis-tick-badge-v2860,True,0,0,False,2,0,False
870,cc9f2d7b317442424b80ec9229d365d0841359aa,e553f8edf4769c6299c58316e3cddf23130b8219,feat/leftover-map-compare-plot-tick-axis-badge-v2850,True,0,0,False,2,0,False
869,e553f8edf4769c6299c58316e3cddf23130b8219,9ff3995ba2668d95a89a7020d1bd9afa54fc0f67,feat/leftover-map-plot-tick-axis-badge-v2840,True,0,0,False,2,0,False
868,9ff3995ba2668d95a89a7020d1bd9afa54fc0f67,6b2611ce4d2d7d58acfcbe6b86a5fe640a41ef66,feat/leftover-map-compare-plot-axis-badge-v2830,True,2,0,False,1,0,False
867,6b2611ce4d2d7d58acfcbe6b86a5fe640a41ef66,688643cf317da7ad5b52bd0414dfae1e66da9bbb,feat/leftover-map-plot-axis-singular-v2810,True,1,0,False,1,0,False
865,688643cf317da7ad5b52bd0414dfae1e66da9bbb,7f1b97eb50ebee87f8bd5c3ba042f6c68d6d0456,feat/leftover-map-compare-axis-singular-v2800,True,0,0,False,1,0,False
863,7f1b97eb50ebee87f8bd5c3ba042f6c68d6d0456,21ee0adcf82a14917d9cc609553f6021ffeac8c0,feat/leftover-map-axis-singular-v2790,True,0,0,False,1,0,False
862,21ee0adcf82a14917d9cc609553f6021ffeac8c0,69bdb2fc7613aeffd972cf2a114da1a9347fe505,feat/leftover-map-compare-plot-singular-v2780,True,0,0,False,1,0,False
861,69bdb2fc7613aeffd972cf2a114da1a9347fe505,13b838a3ea4d23b3d358d2f0adecec9c21cb0a8f,feat/leftover-map-compare-plot-ticks-v2770,True,1,0,False,0,0,False
860,13b838a3ea4d23b3d358d2f0adecec9c21cb0a8f,2550e8d88339e30297fa0aa19ffae77f9b78b73b,feat/leftover-map-compare-plot-distance-v2760,True,0,0,False,0,0,False
859,2550e8d88339e30297fa0aa19ffae77f9b78b73b,d207b04ff3a44ff66e995c7435328cbfba5b07a9,feat/leftover-map-compare-plot-rank-v2750,True,0,0,False,0,0,False
858,d207b04ff3a44ff66e995c7435328cbfba5b07a9,38ac253ad39869b62add7359b47b9da383d1278c,feat/leftover-map-compare-plot-expected-v2740,True,0,0,False,0,0,False
857,38ac253ad39869b62add7359b47b9da383d1278c,87de090ead8a39fdf0d12bc1ca5b5c6d3b5ebad0,feat/leftover-map-compare-plot-observed-v2730,True,0,0,False,0,0,False
856,87de090ead8a39fdf0d12bc1ca5b5c6d3b5ebad0,701c5ba6dde80ffa19a78e57d6321b29328aa1ee,feat/leftover-map-compare-plot-residual-v2720,True,2,0,False,0,0,False
855,701c5ba6dde80ffa19a78e57d6321b29328aa1ee,746bd6a102fa6ec6eb181779369e98cdad7fa34d,feat/leftover-map-compare-plot-unexplained-leftover-v2710,True,0,0,False,0,0,False
854,746bd6a102fa6ec6eb181779369e98cdad7fa34d,ef02b1d2fab4f9f7a8db797a29acda93e156847d,feat/leftover-map-compare-plot-cross-share-v2700,True,0,0,False,0,0,False
853,ef02b1d2fab4f9f7a8db797a29acda93e156847d,de9e7b3b9f2348145177e2593b19d1e7babf7ac3,feat/leftover-map-compare-plot-unexplained-share-v2690,True,2,0,False,0,0,False
852,de9e7b3b9f2348145177e2593b19d1e7babf7ac3,99f92eb4a1b1a646b1188a31fbe3d164fb5b5d30,feat/leftover-map-compare-plot-explained-share-v2680,True,2,0,False,0,0,False
851,99f92eb4a1b1a646b1188a31fbe3d164fb5b5d30,40a6b04c1a1fe81dbb6297aadea9158b9b644955,feat/leftover-map-compare-plot-reconstruction-v2670,True,1,0,False,1,0,False
850,40a6b04c1a1fe81dbb6297aadea9158b9b644955,b83479b7063f3a3a7e880ed6869bb940bb470508,feat/leftover-map-compare-plot-incomplete-item-v2660,True,2,0,False,2,0,False
849,b83479b7063f3a3a7e880ed6869bb940bb470508,4fd48d00e0473160ed05ecd5d168598ba5d688f5,feat/leftover-map-compare-plot-incomplete-post-v2650,True,4,0,False,2,0,False
848,4fd48d00e0473160ed05ecd5d168598ba5d688f5,e80832830fed438451e9f2785b7a75b2fd1745a6,feat/leftover-map-compare-plot-item-coverage-v2640,True,2,0,False,2,0,False
846,e80832830fed438451e9f2785b7a75b2fd1745a6,8d37896a5246cd0045a9c210b504b95941a78f84,feat/leftover-map-compare-plot-coverage-v2630,True,2,0,False,2,0,False
845,8d37896a5246cd0045a9c210b504b95941a78f84,0882cc90a1af545d9d67e0965134c7686a119671,feat/leftover-map-compare-plot-axis-share-v2620,True,0,0,False,2,0,False
844,0882cc90a1af545d9d67e0965134c7686a119671,87979568b36219ae99631e88f32d0af1a9247923,feat/leftover-map-compare-graphic-v2610,True,0,0,False,2,0,False
843,2a5ab4d735a1240997150578b151c6b6492e2f43,f013dfb53b255e8e0be1dfb783cb41dca7eeb83e,feat/leftover-map-compare-axis-share-v2610,True,0,0,False,0,0,False
842,f013dfb53b255e8e0be1dfb783cb41dca7eeb83e,b5732ba2a6de25595989db0b5fb74308b8eae75a,feat/leftover-map-compare-coordinates-payload-v2600,True,0,0,False,2,0,False
841,87979568b36219ae99631e88f32d0af1a9247923,b5732ba2a6de25595989db0b5fb74308b8eae75a,feat/leftover-map-compare-coordinates-payload-v2600,True,2,0,False,2,0,False
840,b5732ba2a6de25595989db0b5fb74308b8eae75a,14453e71b3871cd726e14ac6e19462a66695b5db,feat/leftover-map-compare-coordinates-v2590,True,3,0,False,2,0,False
839,14453e71b3871cd726e14ac6e19462a66695b5db,3d40d04db30e54138efb6f734b47e72965093572,feat/leftover-map-compare-rank-v2580,True,2,0,False,2,0,False
838,3d40d04db30e54138efb6f734b47e72965093572,d40cdf5847c3844acd54a952691fba69b18d6f7c,feat/leftover-map-compare-expected-v2570,True,1,0,False,2,0,False
837,d40cdf5847c3844acd54a952691fba69b18d6f7c,9f9cc71324d3197bf582bb30a935105803517d75,feat/leftover-map-compare-observed-v2560,True,2,0,False,2,0,False
836,9f9cc71324d3197bf582bb30a935105803517d75,f0da90928f0a01ba46ad82f3c53104edc910a630,feat/leftover-map-compare-residual-v2550,True,2,0,False,2,0,False
835,f0da90928f0a01ba46ad82f3c53104edc910a630,dbff5bf47b06eded0cff64b292815861d7f514f6,feat/leftover-map-compare-unexplained-v2540,True,2,0,False,2,0,False
833,dbff5bf47b06eded0cff64b292815861d7f514f6,93e1b4fb5601b5733e9a4b0f7b4a9f63ff44354e,feat/leftover-map-compare-cross-share-v2530,True,1,0,False,2,0,False
832,1511166c53c16fef65f3330eee58d3a5664b1583,93e1b4fb5601b5733e9a4b0f7b4a9f63ff44354e,feat/leftover-map-compare-cross-share-v2530,True,0,0,False,0,0,False
831,93e1b4fb5601b5733e9a4b0f7b4a9f63ff44354e,bebd77c03e5beae469f42361c20bccc80787ebb5,feat/leftover-map-compare-axis-singular-v2510,True,0,0,False,0,0,False
830,bebd77c03e5beae469f42361c20bccc80787ebb5,23519e93f0203ebaf9666f60e5eb7e6368dd6219,feat/leftover-map-compare-unexplained-share-v2520,True,0,0,False,0,0,False
829,23519e93f0203ebaf9666f60e5eb7e6368dd6219,ac386f981317144a98a0878ca0f13c7731f7cacc,feat/leftover-map-compare-axis-share-v2500,True,0,0,False,0,0,False
828,ac386f981317144a98a0878ca0f13c7731f7cacc,0f9e9c8db37948041f39b4e68e4bbd808fa83752,feat/leftover-map-compare-explained-share-v2510,True,0,0,False,0,0,False
827,0f9e9c8db37948041f39b4e68e4bbd808fa83752,66a7750a10ad0e9526716d382707f99528a75d90,feat/leftover-map-compare-reconstruction-v2500,True,1,0,False,0,0,False
826,66a7750a10ad0e9526716d382707f99528a75d90,b73b10e3079e77f3e62235b2b709dc8a3f450292,feat/leftover-map-compare-incomplete-item-v2490,True,3,0,False,0,0,False
825,b73b10e3079e77f3e62235b2b709dc8a3f450292,499d653ed6e9206249e3f3a07518ad3fc01f14bd,feat/leftover-map-compare-incomplete-post-v2480,True,0,0,False,0,0,False
824,499d653ed6e9206249e3f3a07518ad3fc01f14bd,d9db46353c4a5ca5298b1376d27570b7091b59b3,feat/leftover-map-axis-singular-v2470,True,2,0,False,0,0,False
823,d9db46353c4a5ca5298b1376d27570b7091b59b3,724872a34469c84064d5a72b07c6acf16de8a760,feat/leftover-map-compare-item-coverage-v2470,True,2,0,False,0,0,False
822,724872a34469c84064d5a72b07c6acf16de8a760,93eaa40f34098678fd53da4dbdccb1782dfd41a7,feat/leftover-map-compare-coverage-v2460,True,2,0,False,0,0,False
821,93eaa40f34098678fd53da4dbdccb1782dfd41a7,503d043e165e0ae4c6b5c8cca4366c114c74ef2d,feat/leftover-map-plot-singular-v2460,True,0,0,False,0,0,False
820,503d043e165e0ae4c6b5c8cca4366c114c74ef2d,f37ca315e3c48fa37bbcafe96e46c5d7dab991b7,feat/leftover-map-list-post-coverage-helper-v2450,True,0,0,False,0,0,False
819,f37ca315e3c48fa37bbcafe96e46c5d7dab991b7,de3a61988768bcfddcab1dec3dfe3c60f9a89743,feat/leftover-map-list-incomplete-item-v2440,True,2,0,False,0,0,False
818,de3a61988768bcfddcab1dec3dfe3c60f9a89743,aa47c96e15084d0b944558b980edef34133f8040,feat/leftover-map-list-incomplete-post-v2430,True,2,0,False,0,0,False
817,aa47c96e15084d0b944558b980edef34133f8040,4d81c881469496fedeb8d9bb98cd485209df2089,feat/leftover-map-list-item-coverage-v2420,True,2,0,False,0,0,False
816,4d81c881469496fedeb8d9bb98cd485209df2089,c02dffc264f70283ff7ff2d07bfe83a47bd13e10,feat/leftover-map-plot-incomplete-item-v2410,True,0,0,False,0,0,False
815,c02dffc264f70283ff7ff2d07bfe83a47bd13e10,bd90a974b72c649c423a7b99ee47dae1d8236b0e,feat/leftover-map-plot-incomplete-v2400,True,1,0,False,0,0,False
814,bd90a974b72c649c423a7b99ee47dae1d8236b0e,44ace39111664a9b39a81e575a8dbdf06506050f,feat/leftover-map-plot-item-coverage-v2390,True,0,0,False,0,0,False
813,44ace39111664a9b39a81e575a8dbdf06506050f,df419c5a2f75782fa883915806d8cada7a78ff78,feat/leftover-map-plot-coverage-v2380,True,0,0,False,0,0,False
812,df419c5a2f75782fa883915806d8cada7a78ff78,4dcd789385f67c76a4e479194f566f35bb5d2d76,feat/leftover-map-segment-rank-v2370,True,0,0,False,0,0,False
811,4dcd789385f67c76a4e479194f566f35bb5d2d76,32f1cda10a2a1a6cabd64a3ae6f59bd6f0b20fd6,feat/leftover-map-segment-explained-share-v2300,True,3,0,False,0,0,False
808,ef38ddc9cf4f81c6a30050fa2409d294779fbd93,83eba56149eb802cd63642c507c324c9976ec78e,main,True,0,0,False,0,0,False
802,32f1cda10a2a1a6cabd64a3ae6f59bd6f0b20fd6,83eba56149eb802cd63642c507c324c9976ec78e,main,True,0,0,False,7,0,False
780,1d8fa267b059289e77301a09985dfac70a439814,83eba56149eb802cd63642c507c324c9976ec78e,main,True,0,0,False,4,0,False
774,0e4ba4e00a1578aba6f80fa25d7d779516b9af96,83eba56149eb802cd63642c507c324c9976ec78e,main,True,0,0,False,0,0,False
772,781ebb11a00b50bf1956ff3536eef46160271931,83eba56149eb802cd63642c507c324c9976ec78e,main,True,0,0,False,0,0,False
771,9a4dbfcd46d955cd758148cf55cfd5ee795b02cd,83eba56149eb802cd63642c507c324c9976ec78e,main,True,0,0,False,0,0,False
770,101cd8acc1d510382ea928d4f6bb9c84b199349d,83eba56149eb802cd63642c507c324c9976ec78e,main,True,0,0,False,0,0,False
702,93e7b81d096ddfc1fda9080c9c6a9784cbfbcec2,ff7431bd1851c03e737808d22c6a2d43968582f9,main,True,0,0,False,1,0,False
679,135dfe7c4266c7a2098c622b7c9976eaf7304cdd,ff7431bd1851c03e737808d22c6a2d43968582f9,main,True,0,0,False,0,0,False
672,a3e87a89185fae03c5f18c79e2d97d12c73e8af9,ff7431bd1851c03e737808d22c6a2d43968582f9,main,True,0,0,False,0,0,False
667,0c0f4af572a94e63cc8ea4545e48f5eda32a389c,ff7431bd1851c03e737808d22c6a2d43968582f9,main,True,0,0,False,1,0,False
